,emptyDays,lyrics,original
count,70.0,70.0,70.0
mean,29.071428571428573,3.7285714285714286,51.1
std,11.636177255353772,4.866095147813866,37.71946408705316
min,0.0,0.0,17.0
25%,23.25,1.0,26.5
50%,30.5,2.0,39.5
75%,37.75,4.75,53.0
max,44.0,36.0,204.0
